,Title,Views,Channel,Comment Count,Likes,Dislikes,Tags,Favourite Count,Video ID
84,Frank Caliendo Bush Impression,1674702,azjay1007,424,4359,112,"['Bush', 'Clinton', 'Caliendo', 'Funny', 'Impression', 'Comedy']",0,XK1ekhovFeU
29,"Mighty Mouse, The New Adventures - Title Sequence",1323737,jqpublic23,313,1173,72,"['mighty', 'mouse', 'bakshi']",0,GYpBoYa4pno
65,Oliver Reed drunk talk shows appearances,525246,murta,333,688,27,"['oliver', 'reed', 'chat', 'talk', 'drunk', 'interview']",0,EZMXIxIQmPw
5,Truck drives through dust devil!,407158,Stan Olson,344,566,54,"['weather', 'dust', 'devil', 'dustdevil', 'stansweather', 'champaign', 'illinois']",0,UNttYX_USyM
12,Red Box - For America,364100,IKE66,149,922,34,"['Red', 'Box', 'For', 'America', '80s', 'Eighties']",0,18LLfZzDYnQ
164,Ring Battles 8 - Jason Zamora vs Alberto,287550,recpro,6,284,34,"['wrestling', 'recpro', 'prowrestling', 'rassling', 'jason', 'zamora', 'alberto', 'ring']",0,HUXe-B2g2t0
125,Ring Battles 8 - Jason Zamora vs Alberto,287550,recpro,6,284,34,"['wrestling', 'recpro', 'prowrestling', 'rassling', 'jason', 'zamora', 'alberto', 'ring']",0,HUXe-B2g2t0
146,"Jay and Silent Bob Strike Back Song (Brodie, matt matt matt)",225174,sam1rhodes,92,715,12,"['Jay', 'Silent', 'Bob', 'Brodie', 'Matt', 'Song']",0,tmqer1-TbVg
107,"Jay and Silent Bob Strike Back Song (Brodie, matt matt matt)",225174,sam1rhodes,92,715,12,"['Jay', 'Silent', 'Bob', 'Brodie', 'Matt', 'Song']",0,tmqer1-TbVg
48,Red Box Lean On Me TOTP,116919,80smusicvideo,61,299,11,"['Red', 'Box', 'Lean', 'On', 'Me', 'TOTP']",0,t6A46a4UZy0
118,THE FILTHIEST LARIAT EVER!!!!!!,113654,robdarby,91,125,447,"['puro', 'jbl', 'wwe', 'ecw', 'njpw', 'tna', 'czw', 'disgusting', 'ouch', 'eurgh', 'wtf', 'sick', 'deathmatch', 'raw']",0,uNmTXD9xbrw
157,THE FILTHIEST LARIAT EVER!!!!!!,113654,robdarby,91,125,447,"['puro', 'jbl', 'wwe', 'ecw', 'njpw', 'tna', 'czw', 'disgusting', 'ouch', 'eurgh', 'wtf', 'sick', 'deathmatch', 'raw']",0,uNmTXD9xbrw
32,"Maurice ""Mo"" Smith Highlight Video by satanserv",105072,BootlegFightVideo,49,184,13,"['mo', 'smith', 'ufc', 'k-1', 'k1', 'pride', 'muay', 'thai', 'kickboxing', 'mma', 'nhb', 'fight']",0,v5tCLLrkn7g
76,Demo of scripted telekinesis spell for Oblivion,74317,pjyelton4476,75,111,12,['Oblivion'],0,5D5pkBvmQbE
16,I Need Thee,60559,abstractchords,25,110,4,"['hammond', 'b3', 'organ', 'church', 'chords', 'gospel', 'keys', 'shed', 'COGIC']",0,0n36CWOrdsU
92,RED BOX - Chenko (tenka-io) (Official Promotional Video - 1987),50016,lewisslade,23,123,4,"['Eighties', 'Simon Toulson-Clarke', ""80's"", 'Chenko', 'Official', 'Julian Close', 'Red Box', 'Pop Music', 'Music']",0,wuN9q5AbCJU
8,The Hurricanes - I'll Be Glad,45754,DoowopRick,12,72,0,"['Doo', 'Wop', 'Wanderers', '50s']",0,te6spNQqo5w
55,Changpeuk VS Rick Roufus,38803,PopupHasser,22,10,1,"['Muay', 'Thai', 'Changpeuk', 'Changphuak', 'Kiartsongrit', 'Kiatsongrit', 'Kiatsonglit', 'Kickboxing', 'Rick', 'Roufus', 'K1', 'fight']",0,nVpT-RBCGQk
19,tornado,38684,Paweł Wrona,15,44,11,"['huragan', 'tornado', 'wicher']",0,y2_R6yKR08M
126,Chamillionaire - Ridin Live Performance,33382,slimsal,4,50,10,['Chamillionaire'],0,geQwi9smJh0
165,Chamillionaire - Ridin Live Performance,33382,slimsal,4,50,10,['Chamillionaire'],0,geQwi9smJh0
123,Steel Dragon - Stand Up - cover by 3 INCH FURY,32201,4stringfury,17,68,17,"['Stand Up & Shout', 'Steel Dragon', 'cover', 'Three Inch Fury', '3 Inch Fuyr', 'rockstar soundtrack', '3if', ""80's metal"", 'melodic rock', 'hair band', 'zakk wylde', 'poison', 'motley crue', 'glam metal', 'Rock Music']",0,ic2-iGhndoc
162,Steel Dragon - Stand Up - cover by 3 INCH FURY,32201,4stringfury,17,68,17,"['Stand Up & Shout', 'Steel Dragon', 'cover', 'Three Inch Fury', '3 Inch Fuyr', 'rockstar soundtrack', '3if', ""80's metal"", 'melodic rock', 'hair band', 'zakk wylde', 'poison', 'motley crue', 'glam metal', 'Rock Music']",0,ic2-iGhndoc
169,"Blackfest (Bayonne, NJ) Brawl 2006",24019,discobeforebreakdown,23,21,15,"['fight', 'blackfest', 'tall', 'brawl', 'murder', 'rage', 'metal', 'extreme', 'BAYONNE', 'NEW', 'JERSEY', 'felix', 'hack']",0,el_M67OurCQ
130,"Blackfest (Bayonne, NJ) Brawl 2006",24019,discobeforebreakdown,23,21,15,"['fight', 'blackfest', 'tall', 'brawl', 'murder', 'rage', 'metal', 'extreme', 'BAYONNE', 'NEW', 'JERSEY', 'felix', 'hack']",0,el_M67OurCQ
113,chamillionaire,23003,vreak,3,37,2,"['ridin', 'chamillionaire']",0,vVsB2ZWQNno
152,chamillionaire,23003,vreak,3,37,2,"['ridin', 'chamillionaire']",0,vVsB2ZWQNno
9,Wal Mart Lebanon PA - Tornadic Storm #2,22497,Tom Whitten,4,13,7,"['weather', 'storm', 'thunderstorm']",0,CedJBJQtzTw
168,Indigo Dreamscapes,20643,Gaston Garcia,18,62,1,"['jazz', 'music', 'guitar', 'genius']",0,sIlUVosJXDs
129,Indigo Dreamscapes,20643,Gaston Garcia,18,62,1,"['jazz', 'music', 'guitar', 'genius']",0,sIlUVosJXDs
27,K-1 rules Hug vs. Lane,19434,rcopeland1973,14,39,2,"['K-1', 'Kickboxing', 'Andy', 'Hug', 'Dennis', 'Lane']",0,gVmn8zHw5Zw
98,George McAnthony - He's Tasting Freedom,19095,George McAnthony,2,44,0,"['George', 'McAnthony', 'Country', 'music', 'one', 'man', 'band', 'italy', 'mcantony', 'mcantoni', 'mac', 'mc', 'Anthony']",0,dx4HQsOfcqQ
18,Practice Freestyle,18149,saltshaker,12,33,10,"['streetball', 'saltshaker', 'basketball', 'freestyle', 'dime55', 'and1', 'ypa', 'notic', 'handles', 'crossovers']",0,z0pVNWJNczs
46,Ice Ice Baby AMV,17864,Olivia Maxwell,27,138,9,"['Ice', 'Baby', 'Vanilla', 'AMV']",0,tloN7tvaik0
28,rock lee vs gaara (you got the touch) tribute,17349,cmikes1976,12,54,7,"['rock', 'lee', 'gaara', 'vs', 'naruto', 'you', 'got', 'touch', 'episode', '48', '49', '50']",0,TBy8Ov58SoU
85,Transformers Music Video 4 - Galvatron's Game,16217,Duo Dreamer Videos,17,38,1,"['Transformers', 'Megatron', 'Galvatron', 'Decepticons', 'WWE', 'Triple H', 'Game', 'Drowning Pool', 'Music Video']",0,eHdBW6WnwG8
117,1010 WINS,15402,HScorpio,5,31,0,"['WNYW', 'WINS', 'GroupW']",0,WaPYC7MdRgk
156,1010 WINS,15402,HScorpio,5,31,0,"['WNYW', 'WINS', 'GroupW']",0,WaPYC7MdRgk
128,FLCL System Of A Down -- Kill Rock 'N Roll,13733,Stan202021,7,57,4,"['FLCL', 'System', 'Ofa', 'down', 'Kill', 'Rock', ""'N"", 'roll', 'Stan202021']",0,iwxtkKqBrGU
167,FLCL System Of A Down -- Kill Rock 'N Roll,13733,Stan202021,7,57,4,"['FLCL', 'System', 'Ofa', 'down', 'Kill', 'Rock', ""'N"", 'roll', 'Stan202021']",0,iwxtkKqBrGU
62,Lifeguard Boat Getting Air,13710,baxterthedog,2,4,4,"['boat', 'lifeguard', 'airborne', 'waves', 'swell', 'capsize', 'rescue', 'san', 'diego', 'sunset', 'cliffs', 'ocean', 'beach', 'osprey', 'surf', 'caught', 'inside']",0,v6KkX6sS_-M
34,Golden Palace commercial,13129,Clive Weston,5,16,7,"['Golden', 'Palace', 'Advertising']",0,jIMMnXhhnak
141,TreehuggerTV: Who Killed the Electric Car? Choco Hydrogen,13035,treehuggertv,4,52,3,"['Treehugger', 'Who', 'Killed', 'the', 'Electric', 'Car', 'EV', 'hydrogen', 'chocolate']",0,lojW5S401hQ
102,TreehuggerTV: Who Killed the Electric Car? Choco Hydrogen,13035,treehuggertv,4,52,3,"['Treehugger', 'Who', 'Killed', 'the', 'Electric', 'Car', 'EV', 'hydrogen', 'chocolate']",0,lojW5S401hQ
23,Guatemala,12290,Anil Ozkaynak,12,31,3,['Guatemala'],0,qRWgaAAVAlg
1,Swimming at sea! Part Two,9349,Peter Laurence,6,2,0,"['pool', 'cruise', 'Hurricane', 'Veendam', '2005', 'ship', 'HollandAmerica', 'swimming', 'Pacific']",0,8V5tLu2EQgo
10,Mitch doing a hurricane.,9153,tekno99,11,7,6,"['hurricane', 'grind', 'and', 'blunt']",0,EKRat0ACit4
158,Peter Smith,8830,Tarek Chaaban,3,14,3,"['fight', 'peter', 'smith', 'thai', 'boxing', 'muay']",0,kRwGNUhbGOo
119,Peter Smith,8830,Tarek Chaaban,3,14,3,"['fight', 'peter', 'smith', 'thai', 'boxing', 'muay']",0,kRwGNUhbGOo
95,Chamillionaire- Ridin',8096,lakerluvr4ever,0,5,4,"['Chamillionaire', 'XCLUSIVE', 'party', ""ridin'""]",0,qvzqEef7_Eg
90,arsch im schnee,7671,bonafide4,1,5,5,['hujak.de'],0,jDjIw3ajT60
50,Sexy Boy,7002,Spegelboll,3,16,2,"['Lost', 'Sexy', 'Boy', 'Sawyer', 'Sayid', 'Michael', 'Jack', 'Mr', 'Eko', 'Charlie', 'Boone', 'Jin']",0,W_UeU8GQXuw
170,New Orleans' Storyville Starlettes: Rev. Spooky,5878,Psychocktail,1,7,4,"['New', 'Orleans', 'Burlesque', 'Storyville', 'Starlettes', 'Reverend', 'Spooky', 'Wild', 'West', 'blow', 'up', 'doll', 'strip']",0,wfLVToJdy2Y
131,New Orleans' Storyville Starlettes: Rev. Spooky,5878,Psychocktail,1,7,4,"['New', 'Orleans', 'Burlesque', 'Storyville', 'Starlettes', 'Reverend', 'Spooky', 'Wild', 'West', 'blow', 'up', 'doll', 'strip']",0,wfLVToJdy2Y
2,swmming at sea !  Part I,5758,Peter Laurence,2,4,0,"['pool', 'cruise', 'Hurricane', 'Veendam', '2005', 'ship', 'HollandAmerica', 'swimming', 'Pacific']",0,_th04Iz012Y
43,Breeze L - Golden State,5444,Breeze L,2,10,2,"['Breeze L', '2pac', 'Too Short', 'Lord Rab', 'smoke', 'smoked out records', 'bay area hip hop', 'west coast', 'Ice cube', 'dre', 'warren g', 'nate dogg', 'RBL']",0,r1ttcZ6DUlE
20,Wilma Hurricane,5238,Fernando Cavada Rocuant,1,4,2,['HURACAN'],0,_VWHuwPsWQ8
155,28-IF (Bob Belden/Stephen Hindman),4841,Bobbelden,7,12,1,"['Jazz', 'Video', 'Drum&Bass', 'Fusion']",0,kzVZHe7kYlM
116,28-IF (Bob Belden/Stephen Hindman),4841,Bobbelden,7,12,1,"['Jazz', 'Video', 'Drum&Bass', 'Fusion']",0,kzVZHe7kYlM
39,Urban Twang on 190north,4060,drumrjoe,4,15,2,"['Urban Twang', 'chicago', 'alt-country', 'americana', 'no-depression', 'country']",0,_2BZ4QVM7Ck
89,"Kiteboarding ""A Sailors Life""",4057,Tom Leeman,5,11,0,"['kiteboard', 'surf', 'wakeboard', 'skateboard', 'kite', 'skate', 'wake', 'extreme', 'sport', 'windsurfing', 'scuba', 'snowboard', 'ski', 'swim', 'rock', 'climb', 'snorke']",0,YuKIsDrpWf4
30,Solola,4055,j3mitche,1,1,0,"['Solola', 'Fair', 'Dancers']",0,yHGim47YBz8
124,Doin' fine-Sideburn,3978,Jani Kataja,1,11,0,"['Sideburn', 'Farmer', 'joe', 'Jani', 'Kataja', 'Morgan', 'Zocek', 'Hard', 'rock', 'metal', 'stockholm', 'sweden', 'music']",0,tF0C1qAhva0
163,Doin' fine-Sideburn,3978,Jani Kataja,1,11,0,"['Sideburn', 'Farmer', 'joe', 'Jani', 'Kataja', 'Morgan', 'Zocek', 'Hard', 'rock', 'metal', 'stockholm', 'sweden', 'music']",0,tF0C1qAhva0
75,una buena peda en tapachula,3813,malascompanias,0,0,0,"['drink', 'music', 'rock', 'cerveza', 'fiesta', 'fun', 'peda', 'borrachos', 'alexo', 'benja', 'ronny', 'pablo', 'teby']",0,TkTxbhBho0E
14,Mr. Greenstein's Dirty Little Secret,3768,MichaelGallagher2,4,27,8,"['Greenstein', 'Robertson', 'Gallagher', 'Weitzen', 'TPHS']",0,JvmZdQD1r54
109,Switch-DreamSequence(freestyle),3419,SeSwitch,4,10,0,"['Streetball', 'Switch', 'SE', 'freestyle']",0,_kYDiOXdLhQ
148,Switch-DreamSequence(freestyle),3419,SeSwitch,4,10,0,"['Streetball', 'Switch', 'SE', 'freestyle']",0,_kYDiOXdLhQ
37,"ILFF10/2006 ""Las combatientes / Winning the Battle"" (Feature",3261,LatinoFilmFestival,5,4,0,"['Las', 'combatientes', 'Winning', 'the', 'Battle', 'Sonia', 'Valentín', 'Puerto', 'Rico', 'Latino', 'Film', 'Festival', 'San', 'Francisco', 'Bay', 'Area', 'Cine']",0,JfZnmI68qTk
45,skateboarding swedish fool,3115,packimueller,10,9,4,"['skate', 'by', 'packi']",0,-ML92P8qHyc
147,BS: Popeye the sailor #3 May,3040,Barrysun,3,9,0,"['Mugen', 'Ocean', 'May', 'Popeye']",0,0vrZA_WZtSc
108,BS: Popeye the sailor #3 May,3040,Barrysun,3,9,0,"['Mugen', 'Ocean', 'May', 'Popeye']",0,0vrZA_WZtSc
57,Huracan,3009,digitalchimp,1,1,1,"['Huracan', 'Mind', 'Shaft', 'Society', 'Burning', 'Man']",0,0r1pPeF1i0E
150,Stewart does a 540 kickturn X-up lander.,2811,SONOFABITCH,3,8,11,"['bmx', 'ramp', 'flatland', 'extreme', 'boobies', 'nudity', 'naked', 'stunt', 'insanity', 'lunacy', 'madness', 'retardation']",0,1jzf5W2YHpw
111,Stewart does a 540 kickturn X-up lander.,2811,SONOFABITCH,3,8,11,"['bmx', 'ramp', 'flatland', 'extreme', 'boobies', 'nudity', 'naked', 'stunt', 'insanity', 'lunacy', 'madness', 'retardation']",0,1jzf5W2YHpw
36,L.A. Traffic.. you hearddd,2710,ashleeee,4,2,1,['yupp'],0,4sZoIo-GJMY
61,Sean in pool Part 2,2664,mcrane09,0,0,0,"['sean', 'raft']",0,qdFqMNr1USY
4,panabaj,2537,lmbum,0,3,0,"['guatemala', 'stan', 'tormenta', 'panabaj', 'solola', 'panajachel']",0,6ulZnF22R5s
59,Oh-Six by Blinks,2520,u0502659,2,8,0,"['Blinks', 'Oh-Six', 'East', 'High', '2006', '06', 'oh', 'six', 'Chase', 'Rigby', 'Jon', 'Richards', 'teabag', 'slade']",0,yH7jIk_5shQ
67,"Cynthia Fuentez ""Do This In Memory Of Me""",2480,DAR3ppg,0,10,0,"['music', 'video', 'hurricane', 'katrina', 'gulf', 'coast']",0,itJ0fU14yx8
42,Slick House Sessions,2370,Brandon Scheid,4,3,1,"['kiteboarding', 'kiting', 'slick', 'hatteras', 'realkiteboarding', 'real', 'butter', 'slickhouse']",0,eJrHc9T9DQw
56,Corey Edsel vs Brass Munkey,2301,coreyedsel,2,3,1,"['Wrestling', 'Pro', 'CWF', 'RCW', 'Mid-Atlantic']",0,SsXYNPzYWAA
114,Maggot Brain,2267,roonman93,5,5,8,"['maggot', 'brain', 'funkadelic', 'rooney', 'pitchford', 'charlie', 'moran', 'guitar', 'music']",0,Lxd0UACf5qo
153,Maggot Brain,2267,roonman93,5,5,8,"['maggot', 'brain', 'funkadelic', 'rooney', 'pitchford', 'charlie', 'moran', 'guitar', 'music']",0,Lxd0UACf5qo
176,Agankast - The Battle Of Bannockburn,2135,agankast,1,0,0,"['agankast', 'heavy', 'metal', 'music', 'bloodstock', 'thrash']",0,uA8nLL6MONo
137,Agankast - The Battle Of Bannockburn,2135,agankast,1,0,0,"['agankast', 'heavy', 'metal', 'music', 'bloodstock', 'thrash']",0,uA8nLL6MONo
7,Hurricane Mitch,2087,susanh727,3,3,0,"['Hurricane', 'Mitch']",0,DhLaTEG2M1Y
122,Marco Island,2063,xolauren88ox,0,0,2,"['The', 'beach']",0,hKr7WafErFg
161,Marco Island,2063,xolauren88ox,0,0,2,"['The', 'beach']",0,hKr7WafErFg
86,Death metalove Balenie stanu,2053,Davidian27,1,3,2,"['Brutal', 'assault']",0,-u1FlnDJwaE
38,Fighters,1974,mossin,4,17,1,"['fghter', 'poland', 'polish', 'hurricane', 'p-11c', 'fighter', 'sturmovik', 'il-2', 'plane', 'england', 'war', 'fight']",0,a-wPSNajqNY
54,let me see you 1 2 step,1944,lucas61989,0,1,0,['2step'],0,_iuCxzUUbwE
60,streetball freestyle,1913,feifeilou,0,4,2,['streetball'],0,2aaNTHe6K7c
33,"Patriotes ESRC, Defense #91",1868,ritchi641,0,4,1,"['Roger', 'Comtois', 'football', 'Patriotes', 'pats', 'ESRC']",0,jPeisg0LMU8
166,Fastest fingers in the West,1805,aresef,1,0,7,"['frank', 'piano', 'music']",0,Gx-fGoRtark
127,Fastest fingers in the West,1805,aresef,1,0,7,"['frank', 'piano', 'music']",0,Gx-fGoRtark
94,"GHP 2006: medical work in Pueblo Nuevo, Guatemala",1799,Jared Sun,0,3,0,"['Pueblo', 'Nuevo', 'GHP']",0,SsQ3SfftxLI
31,Matthew Atlantic,1739,KimInNB,0,1,0,"['scuba', 'water', 'ship', 'wreck', 'disaster', 'underwater', 'ocean', 'dive', 'diving', 'blue', 'fish', 'teeth', 'sponge', 'anemone', 'cold', 'canada', 'quebec', 'escoumins']",0,A5c7rtBxXuY
0,Global Vision International/Hurricane Stan,1701,ngolon,0,3,0,"['Guatemala', 'Global', 'Vision', 'International']",0,R2FbgeqJc48
58,Long John Thomas & the Duffs at Lemmons in St. Louis,1670,Lo-Fi Saint Louis,2,5,0,"['duffs', 'rocknroll', 'lofistl', 'stlouis', 'stl', 'tirc', 'katrina', 'hurricane', 'lemmons', 'saint', 'louis', 'missouri', 'beat', 'garage rock']",0,ZCidjFbjGDY
53,"Ringwood Hillclimb - The Twinnie, Uncle Chops",1616,secoh42,0,4,0,"['Ringwood', 'hillclimb', 'twinnie', 'racecar', 'mini', 'cooper']",0,OwxzQf90bcI
120,Paranoia Boi Streetball Freestyle,1580,Tony Dortch,2,7,2,"['paranoia', 'boi', 'streetball', 'freestlyle', 'and1']",0,fsGHGEm3zwM
159,Paranoia Boi Streetball Freestyle,1580,Tony Dortch,2,7,2,"['paranoia', 'boi', 'streetball', 'freestlyle', 'and1']",0,fsGHGEm3zwM
40,david ford,1525,streetme,1,4,0,"['David', 'Ford', 'Virgin', 'Festival']",0,iVLHv9-1iaI
41,Trip to Sweden,1511,sk8forfun35,0,7,0,"['nosebonne', 'dykmans', 'belgique', 'belgium', 'skate', 'sk8', 'skateboard', 'concrete', 'pool']",0,jhoCZ4iTSig
132,sarah and nikki jumping in the pool,1466,smallvilleoth,0,0,0,"['jumping', 'in', 'the', 'pool']",0,tylhQzffvyw
171,sarah and nikki jumping in the pool,1466,smallvilleoth,0,0,0,"['jumping', 'in', 'the', 'pool']",0,tylhQzffvyw
13,Panajab,1301,imgjp,1,2,1,['Guatemala'],0,LQXKgnfmFkY
105,Latex does Lake Charles,1278,mcjome,3,3,4,"['Stand', 'Up', 'Comedy', 'Lake', 'Charles', 'Latex', 'funny', 'alcohol', 'montage', 'amateur', 'josh', 'heisser', 'short', 'film', 'weird', 'insane', 'vodka', 'whiskey', 'slow']",0,dEaeubWFTO8
144,Latex does Lake Charles,1278,mcjome,3,3,4,"['Stand', 'Up', 'Comedy', 'Lake', 'Charles', 'Latex', 'funny', 'alcohol', 'montage', 'amateur', 'josh', 'heisser', 'short', 'film', 'weird', 'insane', 'vodka', 'whiskey', 'slow']",0,dEaeubWFTO8
142,Hawk Younkins (Intro),1217,mrhollywood88,0,2,2,"['hawk', 'younbkins', 'mma', 'ufc', 'pride', 'tna', 'wwe', 'czw', 'wrestling', 'action', 'movies', 'comedy', 'hot', 'women', 'roh', 'kotc', 'k1', 'sexy']",0,IGeQaoLyDlM
103,Hawk Younkins (Intro),1217,mrhollywood88,0,2,2,"['hawk', 'younbkins', 'mma', 'ufc', 'pride', 'tna', 'wwe', 'czw', 'wrestling', 'action', 'movies', 'comedy', 'hot', 'women', 'roh', 'kotc', 'k1', 'sexy']",0,IGeQaoLyDlM
35,Ultimate Mudslide,1166,BaronTyranus,0,0,1,"['mudslide', 'hill', 'slide', 'mud', 'british', 'weather', 'ultimate', 'awesome', 'power', 'hello', 'dave']",0,XKZDLNcpjBg
17,hurricane alberto! =],1156,Barbara Breland,1,1,3,['hurricane'],0,6wAJplDgimQ
47,"Mark Lacowitz Inerview - Bridge port, NJ",1142,d6mx,2,0,0,"['mototcross', 'mx']",0,wYmfkMl7azI
149,Murpy Breakdancin at oxegen!,1125,pehopkins,0,1,1,"['breakdancing', 'oxegen', 'murpy']",0,Kshu1nMzDlY
110,Murpy Breakdancin at oxegen!,1125,pehopkins,0,1,1,"['breakdancing', 'oxegen', 'murpy']",0,Kshu1nMzDlY
97,pool troubles,1124,Tiffany Louie,1,1,1,['pool'],0,1XVpWQkR3sg
15,Faces of Central America Part 1,1075,Wanderer,0,3,0,"['Central', 'America', 'Kuna', 'Chiquita', 'Banana', 'Hurricane', 'Wilma', 'Panama', 'Costa', 'Rica', 'Mexico', 'music', 'caribean', 'manu', 'chao']",0,SFKa01voECI
44,Luis on NY1,1069,Chris Monico,4,4,0,"['NY1', 'Luis', 'interview', 'technical', 'operations']",0,M5makoeBk6I
52,Child In A Garden,1058,Don Strenz,1,11,0,"['march', 'of', 'dimes', 'telethon']",0,2JGtc3enYLA
70,crazy ass manayunk bois,1027,mark191272003,0,0,0,"['roxborough', 'manayunk']",0,V153bemVLps
139,SCANDALIS - OH MAMA,1013,hustlebeats,0,0,1,"['empire', 'scandalis', 'strip-hop']",0,2Kriofi4ZI0
100,SCANDALIS - OH MAMA,1013,hustlebeats,0,0,1,"['empire', 'scandalis', 'strip-hop']",0,2Kriofi4ZI0
71,Breakdance Battle 02 / CDN - Montreal,925,BboyWicked03,0,0,0,"['Breakdance', 'Bboy', 'Wicked', 'Montreal', 'Battles', 'Dj', 'Bgirl']",0,TTlIe3zkIaY
138,Roger Cross- Rockworks Riff,904,intersection,1,5,0,"['Hurricane', 'Katrina', 'Rockworks', 'Roger', 'Cross', ""Fox's"", '24', 'Entertainment', 'Charity']",0,_2FHTrnCTB8
177,Roger Cross- Rockworks Riff,904,intersection,1,5,0,"['Hurricane', 'Katrina', 'Rockworks', 'Roger', 'Cross', ""Fox's"", '24', 'Entertainment', 'Charity']",0,_2FHTrnCTB8
173,Agankast - Reign Of Terror/ Slaves *live*,885,agankast,1,0,0,"['agankast', 'heavy', 'metal', 'music', 'bloodstock', 'thrash']",0,H9oDpC6CFlI
134,Agankast - Reign Of Terror/ Slaves *live*,885,agankast,1,0,0,"['agankast', 'heavy', 'metal', 'music', 'bloodstock', 'thrash']",0,H9oDpC6CFlI
174,Agankast - Live at Bloodstock 30/09/06,848,agankast,1,0,0,"['agankast', 'heavy', 'metal', 'music', 'bloodstock', 'thrash']",0,FXPA75YkhuQ
135,Agankast - Live at Bloodstock 30/09/06,848,agankast,1,0,0,"['agankast', 'heavy', 'metal', 'music', 'bloodstock', 'thrash']",0,FXPA75YkhuQ
101,chaIN HANG LOW ;),847,flipcheek,1,2,0,"['chain', 'hang', 'low', 'summer', 'spring', 'jibbs', 'ft', 'myers', 'beach', 'busch', 'stake', 'shake', 'car', 'mikitty']",0,DhTCAtJSacQ
140,chaIN HANG LOW ;),847,flipcheek,1,2,0,"['chain', 'hang', 'low', 'summer', 'spring', 'jibbs', 'ft', 'myers', 'beach', 'busch', 'stake', 'shake', 'car', 'mikitty']",0,DhTCAtJSacQ
72,"Kristina Sky @ Dream Again [August 19th, 2006]",836,BelieveInTrance,0,0,0,"['Kristina', 'Sky', 'Trance', 'Mike', 'Shiver', 'Sun', 'Decade', 'DJ', 'Female', 'Outdoor', 'Forest', 'Los', 'Angeles', 'California', 'Rave', 'Crowd']",0,ogaSBHZk1-w
79,Alla'ska,824,allaska,0,2,0,"['ska', 'reggae', ""alla'ska"", 'allaska']",0,u709dOof7wg
64,Cody the beast,822,shotz2thadoubleglock,3,3,1,"['kickflip', 'cody', 'beast', 'ledge']",0,TL7B7Yik90I
69,Huracan Emily,785,LOVEGIRL82,0,0,3,"['Huracan', 'Emily']",0,_YPmAHWB0NE
11,03-04 Ottawa Senators Opening Video,777,Derek Dawley,0,2,0,"['Derek', 'Dawley', 'Ottawa', 'Senators']",0,7tJY0zaecMg
24,"Ronnie, Stan, & Don in Destin",775,GPR114,0,0,1,"['Jet', 'Ski', 'Racing']",0,MNg6WHwS6-8
3,Hurricane on the Bayou at Pacific Science Center,765,Stan Orchard,0,3,0,"['hurricane', 'katrina', 'bayou', 'new', 'orleans', 'wetlands', 'environment']",0,MepAgsJ6NbY
88,Bob And Bill,751,DontBetOnBob,0,1,1,"['Bob', 'Riley', 'drugs', 'prostitution', 'libertarian', 'politics', 'alabama']",0,eMAdPrSleTM
49,Ye Bookes Of Cerebus The Comic Art of Dave Sim & Gerhard (6),750,Jeff Tundis,0,1,0,"['Cerebus', 'Dave', 'Sim', 'Gerhard', 'Canadian', 'comic', 'books']",0,D_az9gRyKoU
145,Huracán Jaén 2005,745,Julio Pascual González,0,0,0,"['Lucas', 'desastres', 'Huracanes']",0,m91qpse9Tu0
106,Huracán Jaén 2005,745,Julio Pascual González,0,0,0,"['Lucas', 'desastres', 'Huracanes']",0,m91qpse9Tu0
175,Jiggy Jaguar vs. Dave The Pop Guy 2005 Box-A-Buddy,712,Jiggy Jaguar,1,2,1,"['raw', '18/7/11', 'xBookerT', 'John Cena', 'Batista', 'Kurt Angle', 'Randy Orton', 'Evolution', '2009', '2010', 'Professional Wrestling', 'TNA', 'Kane', 'The Undertaker', 'Edge', 'Rey Mysterio', 'HBK', 'Survivor Series 2011', 'Part', 'Rock', 'Miz', 'R-Truth']",0,sdXsAEiETnI
136,Jiggy Jaguar vs. Dave The Pop Guy 2005 Box-A-Buddy,712,Jiggy Jaguar,1,2,1,"['raw', '18/7/11', 'xBookerT', 'John Cena', 'Batista', 'Kurt Angle', 'Randy Orton', 'Evolution', '2009', '2010', 'Professional Wrestling', 'TNA', 'Kane', 'The Undertaker', 'Edge', 'Rey Mysterio', 'HBK', 'Survivor Series 2011', 'Part', 'Rock', 'Miz', 'R-Truth']",0,sdXsAEiETnI
81,ZWEI on MHZ Spotlight segment 1,664,Reg Jones,0,3,1,"['ZWEI', 'DC', 'MHZ', 'FUNN', 'EDLER']",0,uwGIhIyOwLw
25,Stan's Queen Mary,664,JOltman22,2,1,1,"[""Stan's"", 'Marco', 'Island', 'Queen', 'Mary', 'Hysterical', 'Dance']",0,-7LAyPCWHKw
63,Handyalarm auf einem Konzert,659,TiQuiLa,0,2,0,"['Handy', 'Nokia', 'Konzert', 'Gesang', 'Lustig', 'Schreien']",0,4tSxysPzpyE
22,Stan 180,626,loui1989,0,1,0,"['Stan', '180', 'Kickturn']",0,nAJrrxXnnF8
51,Guat 06.work.mudslides,582,ChristChapel,0,2,0,"['Mission', 'trip', 'Guatemala', 'spring', 'break', 'impact', 'TCU']",0,KfT2jhvdMhE
78,Delaneys,509,Renee Nicol,0,0,0,"['Helter', 'Skelter']",0,5myUmuTeHbo
82,Annapolis Bowl,506,narquois1,0,0,0,"['Josh', 'Tara', 'Bowling']",0,LX2glOV9yCw
87,blues for fools ;),496,Micha S.,0,1,2,"['blues', 'guitar', 'acoustic', 'boogie']",0,yXy0Vc6joJI
99,Panic! at the Disco in Philadelphia 11/19,470,petewentzsballs,0,2,1,"['panic', 'at', 'the', 'disco', 'brendon', 'urie', 'ryan', 'ross', 'spencer', 'smith', 'jon', 'walker']",0,JXPed-k8il0
96,"EWA ""Ant Dogg Destroyer""",441,johnswetel,0,1,0,"['Backyard', 'Wrestling', 'EWA', 'Willowick', 'Ohio']",0,hclLzVf3-YM
21,"June 19, 2006 - Rainbow and brief hail storm",427,Stan Olson,0,2,1,"['weather', 'hail', 'severe', 'rainbow']",0,oKbQMUZxV9I
74,Jason and Shy Shy at Washington County Fair  2006,415,buckyshyshy,0,1,0,"['dock', 'dogs', 'splash', 'pool', 'jump', 'big', 'air', 'cascade']",0,YWgvs48sla0
93,Citizen Cope in L-Town,400,deserano21,0,0,0,"['Citizen', 'Cope', 'in', 'L-Town']",0,AvUI2-4lFYA
112,brandon drunk,358,brittani6487,0,0,1,['drunk'],0,SAIDhEIglj8
151,brandon drunk,358,brittani6487,0,0,1,['drunk'],0,SAIDhEIglj8
83,Love it Loud - I want to know you,337,loveitloudband,0,0,0,"['Love', 'it', 'Loud', 'want', 'to', 'know', 'you', 'stampen', 'stockholm', 'band', 'rock', 'best']",0,jyCgmQVhF1o
66,Fraction - Point Of Escape,302,fractionvideo,0,3,0,"['manchester', 'city', 'centre', 'band', 'fraction', 'point', 'of', 'escape']",0,n-hNtjhTDng
73,Timoun Y'ap kriye,292,bentley239,0,1,0,['Timoun'],0,4EON6uUWdrw
143,soft hardcore,277,bethjustesen,0,0,1,['kareoke'],0,OwMsRc0i29Q
104,soft hardcore,277,bethjustesen,0,0,1,['kareoke'],0,OwMsRc0i29Q
91,Head Bang,272,ohbabyxsexx,0,0,0,"['head', 'bang', 'hurt', 'cable', 'tv']",0,UKjPQ_kI2Bo
121,Panic! At The Disco,245,Lauren C,0,0,2,"['Panic!', 'Toronto', 'Dancing']",0,LNMoHGv8MZA
160,Panic! At The Disco,245,Lauren C,0,0,2,"['Panic!', 'Toronto', 'Dancing']",0,LNMoHGv8MZA
80,Setting Up CHERS,220,Ed Stern,0,0,0,"['American', 'National', 'Red', 'Cross', 'CHERS', 'Ed', 'stern']",0,-fqc3wmo030
68,carnival,174,friedilettante,0,1,0,"['carnival', 'airforce']",0,Z3C2Icvun3c
77,bass bike,167,dlfajs,1,0,0,"['adam', 'bass', 'bike']",0,p3B1jdagaPg
154,Beer Run,157,negroiso2,0,0,1,"['beer', 'gman', 'run', 'myspace']",0,gFH2_AiWgN0
115,Beer Run,157,negroiso2,0,0,1,"['beer', 'gman', 'run', 'myspace']",0,gFH2_AiWgN0
133,boat 4,125,aya nadler,0,1,0,"['boat', 'stuck', 'marco', 'island', 'florida', 'funnt', 'pushing', 'help']",0,2l0h2_XGcEo
172,boat 4,125,aya nadler,0,1,0,"['boat', 'stuck', 'marco', 'island', 'florida', 'funnt', 'pushing', 'help']",0,2l0h2_XGcEo
26,The Freezer Show -Stan On The Street,113,The Freezer Show,0,0,0,"['tv', 'talk', 'show', 'sarasota', 'florida', 'funny', 'jason', 'moxley', 'craig', 'worsham', 'nick', 'ribaudo', 'freezer']",0,5hxWfkGWkDs
6,Hurricane Reanna,84,thebowers1999,0,0,0,"['hurricane', 'reanna', 'weather']",0,0Pg7LULXsVE
